,Deciles,pred_spend,actual_spend
0,9.0,796.4278119629579,841.176756756757
1,8.0,612.5731599495159,698.0754054054054
2,7.0,520.0903969478945,596.1570270270269
3,6.0,462.4613502413394,581.9159459459461
4,5.0,417.0645225120564,469.9120547945204
5,4.0,379.25154786900146,424.29581081081096
6,3.0,348.3204989220094,415.47783783783785
7,2.0,313.3364219204363,367.5128378378378
8,1.0,272.16340097582577,330.4821621621622
9,0.0,206.92104847340798,255.59959459459463
